equipment_id,image_path
S0-001,data/images/super_rare/S0-001.jpg
S0-002,data/images/super_rare/S0-002.jpg
S0-003,data/images/super_rare/S0-003.jpg
S0-004,data/images/super_rare/S0-004.jpg
S0-005,data/images/super_rare/S0-005.jpg
S0-006,data/images/super_rare/S0-006.jpg
S0-007,data/images/super_rare/S0-007.jpg
S1-001,
S1-002,img/b.png
S1-003,data/images/super_rare/S1-003.jpg
S1-004,data/images/super_rare/S1-004.jpg
S1-005,data/images/super_rare/S1-005.jpg
S1-006,data/images/super_rare/S1-006.jpg
S2-001,data/images/super_rare/S2-001.jpg
S2-002,data/images/super_rare/S2-002.jpg
S2-003,data/images/ultra_rare/S2-003.jpg
S2-004,data/images/super_rare/S2-004.jpg
S2-005,data/images/super_rare/S2-005.jpg
S2-006,data/images/super_rare/S2-006.jpg
S3-001,data/images/super_rare/S3-001.jpg
S3-002,data/images/ultra_rare/S3-002.jpg
S3-003,data/images/super_rare/S3-003.jpg
S3-004,data/images/super_rare/S3-004.jpg
S3-005,data/images/super_rare/S3-005.jpg
S3-006,data/images/super_rare/S3-006.jpg
S4-001,data/images/super_rare/S4-001.jpg
S4-002,data/images/super_rare/S4-002.jpg
S4-003,data/images/super_rare/S4-003.jpg
S4-004,data/images/super_rare/S4-004.jpg
S4-005,data/images/ultra_rare/S4-005.jpg
S4-006,data/images/super_rare/S4-006.jpg
S5-001,data/images/super_rare/S5-001.jpg
S5-002,data/images/ultra_rare/S5-002.jpg
S5-003,data/images/super_rare/S5-003.jpg
S5-004,data/images/super_rare/S5-004.jpg
S5-005,data/images/super_rare/S5-005.jpg
S5-006,data/images/super_rare/S5-006.jpg
S6-001,data/images/super_rare/S6-001.jpg
S6-002,data/images/super_rare/S6-002.jpg
S6-003,data/images/ultra_rare/S6-003.jpg
S6-004,data/images/super_rare/S6-004.jpg
S6-005,data/images/super_rare/S6-005.jpg
S6-006,data/images/super_rare/S6-006.jpg
S7-001,data/images/ultra_rare/S7-001.jpg
S7-002,data/images/super_rare/S7-002.jpg
S7-003,data/images/super_rare/S7-003.jpg
S7-004,data/images/super_rare/S7-004.jpg
S7-005,data/images/super_rare/S7-005.jpg
S7-006,data/images/super_rare/S7-006.jpg
S8-001,data/images/super_rare/S8-001.jpg
S8-002,data/images/super_rare/S8-002.jpg
S8-003,data/images/ultra_rare/S8-003.jpg
S8-004,data/images/super_rare/S8-004.jpg
S8-005,data/images/super_rare/S8-005.jpg
S8-006,data/images/super_rare/S8-006.jpg
S9-001,data/images/ultra_rare/S9-001.jpg
S9-002,data/images/super_rare/S9-002.jpg
S9-003,data/images/super_rare/S9-003.jpg
S9-004,data/images/super_rare/S9-004.jpg
S9-005,data/images/super_rare/S9-005.jpg
S9-006,data/images/super_rare/S9-006.jpg
G0001,data/images/ultra_rare/G0001.jpg
G0002,data/images/ultra_rare/G0002.jpg
G0003,data/images/ultra_rare/G0003.jpg
G0006,data/images/ultra_rare/G0006.jpg
G0008,data/images/ultra_rare/G0008.jpg
G0009,data/images/ultra_rare/G0009.jpg
G0010,data/images/ultra_rare/G0010.jpg
G0012,data/images/ultra_rare/G0012.jpg
G0013,data/images/ultra_rare/G0013.jpg
G0015,data/images/ultra_rare/G0015.jpg
G0016,data/images/ultra_rare/G0016.jpg
G0017,data/images/ultra_rare/G0017.jpg
G0018,data/images/ultra_rare/G0018.jpg
G0019,data/images/ultra_rare/G0019.jpg
G0020,data/images/ultra_rare/G0020.jpg
G0021,data/images/ultra_rare/G0021.jpg
G0023,data/images/ultra_rare/G0023.jpg
G0024,data/images/ultra_rare/G0024.jpg
G0025,data/images/ultra_rare/G0025.jpg
G0028,data/images/ultra_rare/G0028.jpg
G0029,data/images/ultra_rare/G0029.jpg
G0030,data/images/ultra_rare/G0030.jpg
G0031,data/images/super_rare/G0031.jpg
G0032,data/images/super_rare/G0032.jpg
G0034,data/images/super_rare/G0034.jpg
G0036,data/images/super_rare/G0036.jpg
G0037,data/images/super_rare/G0037.jpg
G0038,data/images/super_rare/G0038.jpg
G0039,data/images/super_rare/G0039.jpg
G0041,data/images/super_rare/G0041.jpg
G0042,data/images/super_rare/G0042.jpg
G0043,data/images/super_rare/G0043.jpg
G0045,data/images/super_rare/G0045.jpg
G0046,data/images/super_rare/G0046.jpg
G0047,data/images/super_rare/G0047.jpg
G0050,data/images/super_rare/G0050.jpg
G0051,data/images/super_rare/G0051.jpg
G0053,data/images/super_rare/G0053.jpg
G0055,data/images/super_rare/G0055.jpg
G0057,data/images/super_rare/G0057.jpg
G0058,data/images/super_rare/G0058.jpg
G0060,data/images/super_rare/G0060.jpg
G0061,data/images/super_rare/G0061.jpg
G0063,data/images/super_rare/G0063.jpg
G0064,data/images/super_rare/G0064.jpg
G0065,data/images/super_rare/G0065.jpg
G0066,data/images/super_rare/G0066.jpg
G0068,data/images/super_rare/G0068.jpg
G0069,data/images/super_rare/G0069.jpg
G0071,data/images/super_rare/G0071.jpg
G0073,data/images/super_rare/G0073.jpg
G0076,data/images/super_rare/G0076.jpg
G0079,data/images/super_rare/G0079.jpg
G0081,data/images/super_rare/G0081.jpg
G0083,data/images/super_rare/G0083.jpg
G0085,data/images/super_rare/G0085.jpg
G0091,data/images/super_rare/G0091.jpg
G0094,data/images/super_rare/G0094.jpg
G0095,data/images/super_rare/G0095.jpg
G0097,data/images/super_rare/G0097.jpg
G0098,data/images/super_rare/G0098.jpg
G0101,data/images/super_rare/G0101.jpg
G0102,data/images/super_rare/G0102.jpg
G0103,data/images/super_rare/G0103.jpg
G0104,data/images/super_rare/G0104.jpg
G0105,data/images/super_rare/G0105.jpg
G0106,data/images/super_rare/G0106.jpg
G0107,data/images/super_rare/G0107.jpg
G0109,data/images/super_rare/G0109.jpg
G0110,data/images/super_rare/G0110.jpg
G0111,data/images/super_rare/G0111.jpg
G0113,data/images/super_rare/G0113.jpg
G0114,data/images/super_rare/G0114.jpg
G0116,data/images/super_rare/G0116.jpg
G0117,data/images/super_rare/G0117.jpg
G0118,data/images/super_rare/G0118.jpg
G0119,data/images/super_rare/G0119.jpg
G0120,data/images/super_rare/G0120.jpg
G0121,data/images/super_rare/G0121.jpg
G0122,data/images/super_rare/G0122.jpg
G0123,data/images/super_rare/G0123.jpg
G0124,data/images/super_rare/G0124.jpg
G0125,data/images/super_rare/G0125.jpg
G0126,data/images/super_rare/G0126.jpg
G0127,data/images/super_rare/G0127.jpg
G0128,data/images/super_rare/G0128.jpg
G0132,data/images/super_rare/G0132.jpg
G0133,data/images/super_rare/G0133.jpg
G0135,data/images/super_rare/G0135.jpg
G0137,data/images/super_rare/G0137.jpg
G0138,data/images/super_rare/G0138.jpg
G0139,data/images/super_rare/G0139.jpg
G0140,data/images/super_rare/G0140.jpg
G0141,data/images/super_rare/G0141.jpg
G0144,data/images/super_rare/G0144.jpg
G0148,data/images/super_rare/G0148.jpg
G0149,data/images/super_rare/G0149.jpg
G0150,data/images/super_rare/G0150.jpg
G0151,data/images/super_rare/G0151.jpg
G0152,data/images/super_rare/G0152.jpg
G0153,data/images/super_rare/G0153.jpg
G0154,data/images/super_rare/G0154.jpg
G0155,data/images/super_rare/G0155.jpg
G0156,data/images/super_rare/G0156.jpg
G0157,data/images/super_rare/G0157.jpg
G0158,data/images/super_rare/G0158.jpg
G0159,data/images/super_rare/G0159.jpg
G0160,data/images/super_rare/G0160.jpg
G0161,data/images/super_rare/G0161.jpg
G0162,data/images/super_rare/G0162.jpg
G0163,data/images/super_rare/G0163.jpg
G0164,data/images/super_rare/G0164.jpg
G0166,data/images/super_rare/G0166.jpg
G0167,data/images/super_rare/G0167.jpg
G0168,data/images/super_rare/G0168.jpg
G0169,data/images/super_rare/G0169.jpg
G0170,data/images/super_rare/G0170.jpg
G0171,data/images/super_rare/G0171.jpg
G0172,data/images/super_rare/G0172.jpg
G0173,data/images/super_rare/G0173.jpg
G0174,data/images/super_rare/G0174.jpg
G0175,data/images/super_rare/G0175.jpg
G0176,data/images/super_rare/G0176.jpg
G0178,data/images/super_rare/G0178.jpg
G0179,data/images/super_rare/G0179.jpg
G0182,data/images/super_rare/G0182.jpg
G0183,data/images/super_rare/G0183.jpg
G0184,data/images/super_rare/G0184.jpg
G0185,data/images/super_rare/G0185.jpg
G0186,data/images/super_rare/G0186.jpg
G0187,data/images/super_rare/G0187.jpg
G0188,data/images/super_rare/G0188.jpg
G0189,data/images/super_rare/G0189.jpg
G0190,data/images/super_rare/G0190.jpg
G0191,data/images/super_rare/G0191.jpg
G0192,data/images/super_rare/G0192.jpg
G0194,data/images/super_rare/G0194.jpg
G0195,data/images/super_rare/G0195.jpg
G0197,data/images/super_rare/G0197.jpg
G0198,data/images/super_rare/G0198.jpg
G0199,data/images/super_rare/G0199.jpg
G0200,data/images/super_rare/G0200.jpg
G0201,data/images/super_rare/G0201.jpg
G0202,data/images/super_rare/G0202.jpg
G0203,data/images/super_rare/G0203.jpg
G0204,data/images/super_rare/G0204.jpg
G0205,data/images/super_rare/G0205.jpg
G0206,data/images/super_rare/G0206.jpg
G0207,data/images/super_rare/G0207.jpg
G0208,data/images/super_rare/G0208.jpg
G0209,data/images/super_rare/G0209.jpg
G0210,data/images/super_rare/G0210.jpg
G0211,data/images/super_rare/G0211.jpg
G0212,data/images/super_rare/G0212.jpg
G0213,data/images/super_rare/G0213.jpg
G0214,data/images/super_rare/G0214.jpg
G0215,data/images/super_rare/G0215.jpg
G0216,data/images/super_rare/G0216.jpg
G0217,data/images/super_rare/G0217.jpg
G0219,data/images/super_rare/G0219.jpg
G0221,data/images/super_rare/G0221.jpg
G0222,data/images/super_rare/G0222.jpg
G0223,data/images/super_rare/G0223.jpg
G0225,data/images/super_rare/G0225.jpg
G0226,data/images/super_rare/G0226.jpg
G0227,data/images/super_rare/G0227.jpg
G0228,data/images/super_rare/G0228.jpg
G0229,data/images/super_rare/G0229.jpg
G0230,data/images/super_rare/G0230.jpg
G0231,data/images/super_rare/G0231.jpg
G0232,data/images/super_rare/G0232.jpg
G0233,data/images/super_rare/G0233.jpg
G0234,data/images/super_rare/G0234.jpg
G0235,data/images/super_rare/G0235.jpg
G0236,data/images/super_rare/G0236.jpg
G0237,data/images/super_rare/G0237.jpg
G0238,data/images/super_rare/G0238.jpg
G0239,data/images/super_rare/G0239.jpg
G0240,data/images/super_rare/G0240.jpg
G0241,data/images/super_rare/G0241.jpg
G0242,data/images/super_rare/G0242.jpg
G0243,data/images/super_rare/G0243.jpg
G0244,data/images/super_rare/G0244.jpg
G0245,data/images/super_rare/G0245.jpg
G0246,data/images/super_rare/G0246.jpg
G0247,data/images/super_rare/G0247.jpg
G0248,data/images/super_rare/G0248.jpg
G0249,data/images/super_rare/G0249.jpg
G0250,data/images/super_rare/G0250.jpg
G0251,data/images/super_rare/G0251.jpg
G0252,data/images/super_rare/G0252.jpg
G0253,data/images/super_rare/G0253.jpg
G0254,data/images/super_rare/G0254.jpg
G0255,data/images/super_rare/G0255.jpg
G0256,data/images/super_rare/G0256.jpg
G0257,data/images/super_rare/G0257.jpg
G0258,data/images/super_rare/G0258.jpg
G0259,data/images/super_rare/G0259.jpg
G0260,data/images/super_rare/G0260.jpg
G0261,data/images/super_rare/G0261.jpg
G0262,data/images/super_rare/G0262.jpg
G0263,data/images/super_rare/G0263.jpg
G0264,data/images/super_rare/G0264.jpg
G0265,data/images/super_rare/G0265.jpg
G0266,data/images/super_rare/G0266.jpg
G0267,data/images/super_rare/G0267.jpg
G0268,data/images/super_rare/G0268.jpg
G0269,data/images/super_rare/G0269.jpg
G0270,data/images/super_rare/G0270.jpg
G0271,data/images/super_rare/G0271.jpg
G0272,data/images/super_rare/G0272.jpg
G0273,data/images/super_rare/G0273.jpg
G0274,data/images/super_rare/G0274.jpg
G0275,data/images/super_rare/G0275.jpg
G0276,data/images/super_rare/G0276.jpg
G0277,data/images/super_rare/G0277.jpg
G0278,data/images/super_rare/G0278.jpg
G0279,data/images/super_rare/G0279.jpg
G0280,data/images/super_rare/G0280.jpg
G0281,data/images/super_rare/G0281.jpg
G0282,data/images/super_rare/G0282.jpg
G0283,data/images/super_rare/G0283.jpg
G0284,data/images/super_rare/G0284.jpg
G0285,data/images/super_rare/G0285.jpg
G0286,data/images/super_rare/G0286.jpg
G0287,data/images/super_rare/G0287.jpg
G0288,data/images/super_rare/G0288.jpg
G0289,data/images/super_rare/G0289.jpg
G0290,data/images/super_rare/G0290.jpg
G0291,data/images/super_rare/G0291.jpg
G0292,data/images/super_rare/G0292.jpg
G0293,data/images/super_rare/G0293.jpg
G0294,data/images/super_rare/G0294.jpg
G0295,data/images/super_rare/G0295.jpg
G0296,data/images/super_rare/G0296.jpg
G0297,data/images/elite/G0297.jpg
G0298,data/images/elite/G0298.jpg
G0299,data/images/elite/G0299.jpg
G0300,data/images/elite/G0300.jpg
G0301,data/images/elite/G0301.jpg
G0302,data/images/elite/G0302.jpg
G0303,data/images/elite/G0303.jpg
G0304,data/images/elite/G0304.jpg
G0305,data/images/elite/G0305.jpg
G0306,data/images/elite/G0306.jpg
G0307,data/images/elite/G0307.jpg
G0308,data/images/elite/G0308.jpg
G0309,data/images/elite/G0309.jpg
G0310,data/images/elite/G0310.jpg
G0311,data/images/elite/G0311.jpg
G0312,data/images/elite/G0312.jpg
G0313,data/images/elite/G0313.jpg
G0314,data/images/elite/G0314.jpg
G0315,data/images/elite/G0315.jpg
G0316,data/images/elite/G0316.jpg
G0317,data/images/elite/G0317.jpg
G0318,data/images/elite/G0318.jpg
G0319,data/images/elite/G0319.jpg
G0320,data/images/elite/G0320.jpg
G0321,data/images/elite/G0321.jpg
G0322,data/images/elite/G0322.jpg
G0323,data/images/elite/G0323.jpg
G0324,data/images/elite/G0324.jpg
G0325,data/images/elite/G0325.jpg
G0326,data/images/elite/G0326.jpg
G0327,data/images/elite/G0327.jpg
G0328,data/images/elite/G0328.jpg
G0329,data/images/elite/G0329.jpg
G0330,data/images/elite/G0330.jpg
G0331,data/images/elite/G0331.jpg
G0332,data/images/elite/G0332.jpg
G0333,data/images/elite/G0333.jpg
G0334,data/images/elite/G0334.jpg
G0335,data/images/elite/G0335.jpg
G0336,data/images/elite/G0336.jpg
G0337,data/images/elite/G0337.jpg
G0338,data/images/elite/G0338.jpg
G0339,data/images/elite/G0339.jpg
G0340,data/images/elite/G0340.jpg
G0341,data/images/elite/G0341.jpg
G0342,data/images/elite/G0342.jpg
G0343,data/images/elite/G0343.jpg
G0344,data/images/elite/G0344.jpg
G0345,data/images/elite/G0345.jpg
G0346,data/images/elite/G0346.jpg
G0347,data/images/elite/G0347.jpg
G0348,data/images/elite/G0348.jpg
G0349,data/images/elite/G0349.jpg
G0350,data/images/elite/G0350.jpg
G0351,data/images/elite/G0351.jpg
G0352,data/images/elite/G0352.jpg
G0353,data/images/elite/G0353.jpg
G0354,data/images/elite/G0354.jpg
G0355,data/images/elite/G0355.jpg
G0356,data/images/elite/G0356.jpg
G0357,data/images/elite/G0357.jpg
G0358,data/images/elite/G0358.jpg
G0359,data/images/elite/G0359.jpg
G0360,data/images/elite/G0360.jpg
G0361,data/images/elite/G0361.jpg
G0362,data/images/elite/G0362.jpg
G0363,data/images/elite/G0363.jpg
G0364,data/images/elite/G0364.jpg
G0365,data/images/elite/G0365.jpg
G0366,data/images/elite/G0366.jpg
G0367,data/images/elite/G0367.jpg
G0368,data/images/elite/G0368.jpg
G0369,data/images/elite/G0369.jpg
G0370,data/images/elite/G0370.jpg
G0371,data/images/elite/G0371.jpg
G0372,data/images/elite/G0372.jpg
G0373,data/images/elite/G0373.jpg
G0374,data/images/elite/G0374.jpg
G0375,data/images/elite/G0375.jpg
G0376,data/images/elite/G0376.jpg
G0377,data/images/elite/G0377.jpg
G0378,data/images/elite/G0378.jpg
G0379,data/images/elite/G0379.jpg
G0380,data/images/elite/G0380.jpg
G0381,data/images/elite/G0381.jpg
G0382,data/images/elite/G0382.jpg
G0383,data/images/elite/G0383.jpg
G0384,data/images/elite/G0384.jpg
G0385,data/images/elite/G0385.jpg
G0386,data/images/elite/G0386.jpg
G0387,data/images/elite/G0387.jpg
G0388,data/images/elite/G0388.jpg
G0389,data/images/elite/G0389.jpg
G0390,data/images/elite/G0390.jpg
G0391,data/images/elite/G0391.jpg
G0392,data/images/elite/G0392.jpg
G0393,data/images/elite/G0393.jpg
G0394,data/images/elite/G0394.jpg
G0395,data/images/elite/G0395.jpg
G0396,data/images/elite/G0396.jpg
G0397,data/images/elite/G0397.jpg
G0398,data/images/elite/G0398.jpg
G0399,data/images/elite/G0399.jpg
G0400,data/images/elite/G0400.jpg
G0401,data/images/elite/G0401.jpg
G0402,data/images/elite/G0402.jpg
G0403,data/images/elite/G0403.jpg
G0404,data/images/elite/G0404.jpg
G0405,data/images/elite/G0405.jpg
G0406,data/images/elite/G0406.jpg
G0407,data/images/elite/G0407.jpg
G0408,data/images/elite/G0408.jpg
G0409,data/images/elite/G0409.jpg
G0410,data/images/elite/G0410.jpg
G0411,data/images/elite/G0411.jpg
G0412,data/images/elite/G0412.jpg
G0413,data/images/elite/G0413.jpg
G0414,data/images/elite/G0414.jpg
G0415,data/images/elite/G0415.jpg
G0416,data/images/elite/G0416.jpg
G0417,data/images/elite/G0417.jpg
G0418,data/images/elite/G0418.jpg
G0419,data/images/elite/G0419.jpg
G0420,data/images/elite/G0420.jpg
G0421,data/images/elite/G0421.jpg
G0422,data/images/elite/G0422.jpg
G0423,data/images/elite/G0423.jpg
G0424,data/images/elite/G0424.jpg
G0425,data/images/elite/G0425.jpg
G0426,data/images/elite/G0426.jpg
G0427,data/images/elite/G0427.jpg
G0428,data/images/elite/G0428.jpg
G0429,data/images/elite/G0429.jpg
G0430,data/images/elite/G0430.jpg
G0431,data/images/elite/G0431.jpg
G0432,data/images/elite/G0432.jpg
G0433,data/images/elite/G0433.jpg
G0434,data/images/elite/G0434.jpg
G0435,data/images/elite/G0435.jpg
G0436,data/images/elite/G0436.jpg
G0437,data/images/elite/G0437.jpg
G0438,data/images/elite/G0438.jpg
G0439,data/images/elite/G0439.jpg
G0440,data/images/elite/G0440.jpg
G0441,data/images/elite/G0441.jpg
G0442,data/images/elite/G0442.jpg
G0443,data/images/elite/G0443.jpg
G0444,data/images/elite/G0444.jpg
G0445,data/images/elite/G0445.jpg
G0446,data/images/elite/G0446.jpg
G0447,data/images/elite/G0447.jpg
G0448,data/images/elite/G0448.jpg
G0449,data/images/elite/G0449.jpg
G0450,data/images/elite/G0450.jpg
G0451,data/images/elite/G0451.jpg
G0452,data/images/elite/G0452.jpg
G0453,data/images/elite/G0453.jpg
G0454,data/images/elite/G0454.jpg
G0455,data/images/elite/G0455.jpg
G0456,data/images/elite/G0456.jpg
G0457,data/images/elite/G0457.jpg
G0458,data/images/elite/G0458.jpg
G0459,data/images/elite/G0459.jpg
G0460,data/images/elite/G0460.jpg
G0461,data/images/elite/G0461.jpg
G0462,data/images/elite/G0462.jpg
G0463,data/images/elite/G0463.jpg
G0464,data/images/elite/G0464.jpg
G0465,data/images/elite/G0465.jpg
G0466,data/images/elite/G0466.jpg
G0467,data/images/elite/G0467.jpg
G0468,data/images/elite/G0468.jpg
G0469,data/images/elite/G0469.jpg
G0470,data/images/elite/G0470.jpg
G0471,data/images/elite/G0471.jpg
G0472,data/images/elite/G0472.jpg
G0473,data/images/elite/G0473.jpg
G0474,data/images/elite/G0474.jpg
G0475,data/images/elite/G0475.jpg
G0476,data/images/elite/G0476.jpg
G0477,data/images/elite/G0477.jpg
G0478,data/images/elite/G0478.jpg
G0479,data/images/elite/G0479.jpg
G0480,data/images/elite/G0480.jpg
G0481,data/images/elite/G0481.jpg
G0482,data/images/elite/G0482.jpg
G0483,data/images/elite/G0483.jpg
G0484,data/images/elite/G0484.jpg
G0485,data/images/elite/G0485.jpg
G0486,data/images/elite/G0486.jpg
G0487,data/images/elite/G0487.jpg
G0488,data/images/elite/G0488.jpg
G0489,data/images/elite/G0489.jpg
G0490,data/images/elite/G0490.jpg
G0491,data/images/elite/G0491.jpg
G0492,data/images/elite/G0492.jpg
G0493,data/images/elite/G0493.jpg
G0494,data/images/elite/G0494.jpg
G0495,data/images/elite/G0495.jpg
G0496,data/images/elite/G0496.jpg
G0497,data/images/elite/G0497.jpg
G0498,data/images/elite/G0498.jpg
G0499,data/images/elite/G0499.jpg
G0500,data/images/elite/G0500.jpg
G0501,data/images/elite/G0501.jpg
G0502,data/images/elite/G0502.jpg
G0503,data/images/elite/G0503.jpg
G0504,data/images/elite/G0504.jpg
G0505,data/images/elite/G0505.jpg
G0506,data/images/elite/G0506.jpg
G0507,data/images/elite/G0507.jpg
G0508,data/images/elite/G0508.jpg
G0509,data/images/elite/G0509.jpg
G0510,data/images/elite/G0510.jpg
G0511,data/images/elite/G0511.jpg
G0512,data/images/elite/G0512.jpg
G0513,data/images/elite/G0513.jpg
G0514,data/images/elite/G0514.jpg
G0515,data/images/elite/G0515.jpg
G0516,data/images/elite/G0516.jpg
G0517,data/images/elite/G0517.jpg
G0518,data/images/elite/G0518.jpg
G0519,data/images/elite/G0519.jpg
G0520,data/images/elite/G0520.jpg
G0521,data/images/elite/G0521.jpg
G0522,data/images/elite/G0522.jpg
G0523,data/images/elite/G0523.jpg
G0524,data/images/elite/G0524.jpg
G0525,data/images/elite/G0525.jpg
G0526,data/images/elite/G0526.jpg
G0527,data/images/elite/G0527.jpg
G0528,data/images/elite/G0528.jpg
G0529,data/images/elite/G0529.jpg
G0530,data/images/elite/G0530.jpg
G0531,data/images/elite/G0531.jpg
G0532,data/images/elite/G0532.jpg
G0533,data/images/elite/G0533.jpg
G0534,data/images/elite/G0534.jpg
G0535,data/images/elite/G0535.jpg
G0536,data/images/elite/G0536.jpg
G0537,data/images/elite/G0537.jpg
G0538,data/images/elite/G0538.jpg
G0539,data/images/elite/G0539.jpg
G0540,data/images/elite/G0540.jpg
G0541,data/images/elite/G0541.jpg
G0542,data/images/elite/G0542.jpg
G0543,data/images/rare/G0543.jpg
G0544,data/images/rare/G0544.jpg
G0545,data/images/rare/G0545.jpg
G0546,data/images/rare/G0546.jpg
G0547,data/images/rare/G0547.jpg
G0548,data/images/rare/G0548.jpg
G0549,data/images/rare/G0549.jpg
G0550,data/images/rare/G0550.jpg
G0551,data/images/rare/G0551.jpg
G0552,data/images/rare/G0552.jpg
G0553,data/images/rare/G0553.jpg
G0554,data/images/rare/G0554.jpg
G0555,data/images/rare/G0555.jpg
G0556,data/images/rare/G0556.jpg
G0557,data/images/rare/G0557.jpg
G0558,data/images/rare/G0558.jpg
G0559,data/images/rare/G0559.jpg
G0560,data/images/rare/G0560.jpg
G0561,data/images/rare/G0561.jpg
G0562,data/images/rare/G0562.jpg
G0563,data/images/rare/G0563.jpg
G0564,data/images/rare/G0564.jpg
G0565,data/images/rare/G0565.jpg
G0566,data/images/rare/G0566.jpg
G0567,data/images/rare/G0567.jpg
G0568,data/images/rare/G0568.jpg
G0569,data/images/rare/G0569.jpg
G0570,data/images/rare/G0570.jpg
G0571,data/images/rare/G0571.jpg
G0572,data/images/rare/G0572.jpg
G0573,data/images/rare/G0573.jpg
G0574,data/images/rare/G0574.jpg
G0575,data/images/rare/G0575.jpg
G0576,data/images/rare/G0576.jpg
G0577,data/images/rare/G0577.jpg
G0578,data/images/rare/G0578.jpg
G0579,data/images/rare/G0579.jpg
G0580,data/images/rare/G0580.jpg
G0581,data/images/rare/G0581.jpg
G0582,data/images/rare/G0582.jpg
G0583,data/images/rare/G0583.jpg
G0584,data/images/rare/G0584.jpg
G0585,data/images/rare/G0585.jpg
G0586,data/images/rare/G0586.jpg
G0587,data/images/rare/G0587.jpg
G0588,data/images/rare/G0588.jpg
G0589,data/images/rare/G0589.jpg
G0590,data/images/rare/G0590.jpg
G0591,data/images/rare/G0591.jpg
G0592,data/images/rare/G0592.jpg
G0593,data/images/rare/G0593.jpg
G0594,data/images/rare/G0594.jpg
G0595,data/images/rare/G0595.jpg
G0596,data/images/rare/G0596.jpg
G0597,data/images/rare/G0597.jpg
G0598,data/images/rare/G0598.jpg
G0599,data/images/rare/G0599.jpg
G0600,data/images/rare/G0600.jpg
G0601,data/images/rare/G0601.jpg
G0602,data/images/rare/G0602.jpg
G0603,data/images/rare/G0603.jpg
G0604,data/images/rare/G0604.jpg
G0605,data/images/rare/G0605.jpg
G0606,data/images/rare/G0606.jpg
G0607,data/images/rare/G0607.jpg
G0608,data/images/rare/G0608.jpg
G0609,data/images/rare/G0609.jpg
G0610,data/images/rare/G0610.jpg
G0611,data/images/rare/G0611.jpg
G0612,data/images/rare/G0612.jpg
G0613,data/images/rare/G0613.jpg
G0614,data/images/rare/G0614.jpg
G0615,data/images/rare/G0615.jpg
G0616,data/images/rare/G0616.jpg
G0617,data/images/rare/G0617.jpg
G0618,data/images/rare/G0618.jpg
G0619,data/images/rare/G0619.jpg
G0620,data/images/rare/G0620.jpg
G0621,data/images/rare/G0621.jpg
G0622,data/images/rare/G0622.jpg
G0623,data/images/rare/G0623.jpg
G0624,data/images/rare/G0624.jpg
G0625,data/images/rare/G0625.jpg
G0626,data/images/rare/G0626.jpg
G0627,data/images/rare/G0627.jpg
G0628,data/images/rare/G0628.jpg
G0629,data/images/rare/G0629.jpg
G0630,data/images/rare/G0630.jpg
G0631,data/images/rare/G0631.jpg
G0632,data/images/rare/G0632.jpg
G0633,data/images/rare/G0633.jpg
G0634,data/images/rare/G0634.jpg
G0635,data/images/rare/G0635.jpg
G0636,data/images/rare/G0636.jpg
G0637,data/images/rare/G0637.jpg
G0638,data/images/rare/G0638.jpg
G0639,data/images/rare/G0639.jpg
G0640,data/images/rare/G0640.jpg
G0641,data/images/rare/G0641.jpg
G0642,data/images/rare/G0642.jpg
G0643,data/images/rare/G0643.jpg
G0644,data/images/rare/G0644.jpg
G0645,data/images/rare/G0645.jpg
G0646,data/images/rare/G0646.jpg
G0647,data/images/rare/G0647.jpg
G0648,data/images/rare/G0648.jpg
G0649,data/images/rare/G0649.jpg
G0650,data/images/rare/G0650.jpg
G0651,data/images/rare/G0651.jpg
G0652,data/images/rare/G0652.jpg
G0653,data/images/rare/G0653.jpg
G0654,data/images/rare/G0654.jpg
G0655,data/images/rare/G0655.jpg
G0656,data/images/rare/G0656.jpg
G0657,data/images/rare/G0657.jpg
G0658,data/images/rare/G0658.jpg
G0659,data/images/rare/G0659.jpg
G0660,data/images/rare/G0660.jpg
G0661,data/images/rare/G0661.jpg
G0662,data/images/rare/G0662.jpg
G0663,data/images/rare/G0663.jpg
G0664,data/images/rare/G0664.jpg
G0665,data/images/rare/G0665.jpg
G0666,data/images/rare/G0666.jpg
G0667,data/images/rare/G0667.jpg
G0668,data/images/rare/G0668.jpg
G0669,data/images/rare/G0669.jpg
G0670,data/images/rare/G0670.jpg
G0671,data/images/rare/G0671.jpg
G0672,data/images/rare/G0672.jpg
G0673,data/images/rare/G0673.jpg
G0674,data/images/rare/G0674.jpg
G0675,data/images/rare/G0675.jpg
G0676,data/images/rare/G0676.jpg
G0677,data/images/rare/G0677.jpg
G0678,data/images/rare/G0678.jpg
G0679,data/images/rare/G0679.jpg
G0680,data/images/rare/G0680.jpg
G0681,data/images/rare/G0681.jpg
G0682,data/images/rare/G0682.jpg
G0683,data/images/rare/G0683.jpg
G0684,data/images/rare/G0684.jpg
G0685,data/images/rare/G0685.jpg
G0686,data/images/rare/G0686.jpg
G0687,data/images/rare/G0687.jpg
G0688,data/images/rare/G0688.jpg
G0689,data/images/rare/G0689.jpg
G0690,data/images/rare/G0690.jpg
G0691,data/images/rare/G0691.jpg
G0692,data/images/rare/G0692.jpg
G0693,data/images/rare/G0693.jpg
G0694,data/images/rare/G0694.jpg
G0695,data/images/rare/G0695.jpg
G0696,data/images/rare/G0696.jpg
G0697,data/images/rare/G0697.jpg
G0698,data/images/rare/G0698.jpg
G0699,data/images/rare/G0699.jpg
G0700,data/images/rare/G0700.jpg
G0701,data/images/rare/G0701.jpg
G0702,data/images/rare/G0702.jpg
G0703,data/images/rare/G0703.jpg
G0704,data/images/rare/G0704.jpg
G0705,data/images/rare/G0705.jpg
G0706,data/images/rare/G0706.jpg
G0707,data/images/rare/G0707.jpg
G0708,data/images/rare/G0708.jpg
G0709,data/images/rare/G0709.jpg
G0710,data/images/rare/G0710.jpg
G0711,data/images/rare/G0711.jpg
G0712,data/images/rare/G0712.jpg
G0713,data/images/rare/G0713.jpg
G0714,data/images/rare/G0714.jpg
G0715,data/images/rare/G0715.jpg
G0716,data/images/rare/G0716.jpg
G0717,data/images/rare/G0717.jpg
G0718,data/images/rare/G0718.jpg
G0719,data/images/rare/G0719.jpg
G0720,data/images/rare/G0720.jpg
G0721,data/images/rare/G0721.jpg
G0722,data/images/rare/G0722.jpg
G0723,data/images/rare/G0723.jpg
G0724,data/images/rare/G0724.jpg
G0725,data/images/rare/G0725.jpg
G0726,data/images/rare/G0726.jpg
G0727,data/images/rare/G0727.jpg
G0728,data/images/rare/G0728.jpg
G0729,data/images/rare/G0729.jpg
G0730,data/images/rare/G0730.jpg
G0731,data/images/rare/G0731.jpg
G0732,data/images/rare/G0732.jpg
G0733,data/images/rare/G0733.jpg
G0734,data/images/rare/G0734.jpg
G0735,data/images/rare/G0735.jpg
G0736,data/images/rare/G0736.jpg
G0737,data/images/rare/G0737.jpg
G0738,data/images/rare/G0738.jpg
G0739,data/images/rare/G0739.jpg
G0740,data/images/common/G0740.jpg
G0741,data/images/common/G0741.jpg
G0742,data/images/common/G0742.jpg
G0743,data/images/common/G0743.jpg
G0744,data/images/common/G0744.jpg
G0745,data/images/common/G0745.jpg
G0746,data/images/common/G0746.jpg
G0747,data/images/common/G0747.jpg
G0748,data/images/common/G0748.jpg
G0749,data/images/common/G0749.jpg
G0750,data/images/common/G0750.jpg
G0751,data/images/common/G0751.jpg
G0752,data/images/common/G0752.jpg
